{"cameraMode":{"drawMode":0,"name":"Shaded","section":"Shading Mode"},"sceneLighting":true,"audioPlay":false,"sceneViewState":{"m_AlwaysRefresh":false,"showFog":true,"showSkybox":true,"showFlares":true,"showImageEffects":true,"showParticleSystems":true,"showVisualEffectGraphs":true,"m_FxEnabled":true},"in2DMode":false,"pivot":{"x":51.207523345947269,"y":-5.0626020431518559,"z":-136.92189025878907},"rotation":{"x":0.00650255661457777,"y":0.9762580990791321,"z":-0.029600175097584726,"w":0.2145206481218338},"size":124.97368621826172,"orthographic":false}